Fecha,Ticker,Trail_PE,Fwd_PE,Trail_PS,Fwd_PS,Trail_PB,Fwd_PB,Trail_EVEBITDA,Fwd_EVEBITDA,GeneradoEn
2011-01-03,BAP US Equity,15.347325112136442,13.206455144803218,4.713874620172528,4.517715452583312,3.3458267328241127,2.6766120764556214,,,2026-10-08 22:47
2011-01-04,BAP US Equity,15.187150095749741,13.068623688587028,4.664677451349023,4.47056553288325,3.3109074326958208,2.6486771509832936,,,2026-10-08 22:47
2011-01-05,BAP US Equity,15.185868720038041,13.067521057950318,4.664283881498762,4.4701883407138645,3.310628083618397,2.6484536758383186,,,2026-10-08 22:47
2011-01-06,BAP US Equity,15.05004032413536,12.950639998562266,4.6225646878629885,4.4302052141047925,3.281016521032261,2.624764862175851,,,2026-10-08 22:47
2011-01-07,BAP US Equity,14.47981736861722,12.459960102908505,4.447422798431642,4.2623515302387425,3.1567038349907133,2.52531654542617,,,2026-10-08 22:47
2011-01-10,BAP US Equity,14.197909410464353,12.217376800795176,4.36083580301375,4.179367692374627,3.0952458821753503,2.47615108892299,,,2026-10-08 22:47
2011-01-11,BAP US Equity,14.2530096906448,12.26479088587856,4.377759651984775,4.195587286694423,3.1072581376704824,2.4857607162860313,,,2026-10-08 22:47
2011-01-12,BAP US Equity,14.582329353400079,12.548172212767899,4.478908978583602,4.2925274712802395,3.1790521814690273,2.543194893245508,,,2026-10-08 22:47
2011-01-13,BAP US Equity,14.258135193491587,12.269201408425392,4.379333931385814,4.197096055371961,3.1083755339801744,2.4866546168659287,,,2026-10-08 22:47
2011-01-14,BAP US Equity,14.299140019535516,12.30448628001786,4.39192841331545,4.209166441246738,3.117314879576241,2.493805961597354,,,2026-10-08 22:47
2011-01-17,BAP US Equity,14.299140019535516,12.30448628001786,4.39192841331545,4.209166441246738,3.117314879576241,2.493805961597354,,,2026-10-08 22:47
2011-01-18,BAP US Equity,14.33245643065534,12.33315522954652,4.402161426799265,4.218973626814315,3.1245780956840643,2.499616427440484,,,2026-10-08 22:47
2011-01-19,BAP US Equity,14.450345245286416,12.434599183533534,4.438370543842873,4.2536759684702155,3.150278701138866,2.5201765330364125,,,2026-10-08 22:47
2011-01-20,BAP US Equity,14.228663070160783,12.24384048905042,4.3702816767970445,4.1884204936034335,3.1019504001283273,2.4815146044761716,,,2026-10-08 22:47
2011-01-21,BAP US Equity,14.101804464893904,12.134677982362888,4.331317521457353,4.151077759470947,3.0742943161078577,2.459390144846973,,,2026-10-08 22:47
2011-01-24,BAP US Equity,14.13383950030203,12.162244301254837,4.3411569650909065,4.1605077528691385,3.081278183138257,2.464977135545128,,,2026-10-08 22:47
2011-01-25,BAP US Equity,14.254291066356497,12.265893516515266,4.378153221835034,4.195964478863807,3.1075374867479053,2.4859841914310055,,,2026-10-08 22:47
2011-01-26,BAP US Equity,14.035171642654259,12.07734008330557,4.310851494489726,4.131463388335796,3.0597678838922127,2.447769213160713,,,2026-10-08 22:47
2011-01-27,BAP US Equity,13.772484802138623,11.851296655473545,4.230168194858525,4.05413757488513,3.0025002723093124,2.4019559678874955,,,2026-10-08 22:47
2011-01-28,BAP US Equity,13.388064859202899,11.520501243500824,4.112095019288673,3.9409777959795167,2.918693973015636,2.334912163564977,,,2026-10-08 22:47
2011-01-31,BAP US Equity,13.359873950929863,11.496242816518999,4.103436285205898,3.9326793790894796,2.9125481532175055,2.3299955983017457,,,2026-10-08 22:47
2011-02-01,BAP US Equity,13.85321291786086,11.920763629778216,4.254963539523275,4.077901107174407,3.020099579400317,2.4160351541869227,,,2026-10-08 22:47
2011-02-02,BAP US Equity,13.80195692546943,11.876657574848519,4.239220449447295,4.062813136653658,3.0089254061611603,2.4070959802772536,,,2026-10-08 22:47
2011-02-03,BAP US Equity,13.581556126055496,11.687001511002114,4.171525152251727,3.997934853956261,2.9608764542280444,2.3686575268619867,,,2026-10-08 22:47
2011-02-04,BAP US Equity,13.30605520711504,11.449931500315886,4.086906055429399,3.916837024229962,2.9008152818235025,2.3206094741021275,,,2026-10-08 22:47
2011-02-07,BAP US Equity,13.034398415309676,11.216169381539785,4.0034676681578505,3.836870771011817,2.8415921566512297,2.273231846777192,,,2026-10-08 22:47
2011-02-08,BAP US Equity,13.10743827676173,11.279020572024205,4.025901593721041,3.8583711502847855,2.857515369277696,2.285970182206772,,,2026-10-08 22:47
2011-02-09,BAP US Equity,12.913946849255208,11.112520166279355,3.966471411413723,3.801414045017147,2.815332853041581,2.252224790891314,,,2026-10-08 22:47
2011-02-10,BAP US Equity,12.45776858123305,10.719976332702482,3.826357929475204,3.667131126298844,2.715882725222567,2.172666154302639,,,2026-10-08 22:47
2011-02-11,BAP US Equity,12.766585911293328,10.985715292917368,3.9212100397813456,3.758036141592719,2.7832071137349317,2.2265246729056276,,,2026-10-08 22:47
2011-02-14,BAP US Equity,12.66919959001118,10.90191384384837,3.8912981883746887,3.7293690165196547,2.7619761985900158,2.209540253684636,,,2026-10-08 22:47
2011-02-15,BAP US Equity,12.511587325047874,10.766287648905594,3.842888159251704,3.6829734811583617,2.72761559661657,2.182052278502257,,,2026-10-08 22:47
2011-02-16,BAP US Equity,12.53721532124359,10.788340676370442,3.850759704289694,3.690517466418736,2.7332026832361485,2.1865218654570913,,,2026-10-08 22:47
2011-02-17,BAP US Equity,12.797339570989758,11.01217898117261,3.9306559135646397,3.767088942821526,2.7899116316879082,2.2318881884588087,,,2026-10-08 22:47
2011-02-18,BAP US Equity,12.961358714511547,11.153318329298926,3.981033791938924,3.815370439029742,2.8256689790484693,2.26049353936606,,,2026-10-08 22:47
2011-02-21,BAP US Equity,12.961358714511547,11.153318329298926,3.981033791938924,3.815370439029742,2.8256689790484693,2.26049353936606,,,2026-10-08 22:47
2011-02-22,BAP US Equity,12.615380685542432,10.855602389401696,3.874767909253925,3.7135266143692434,2.750243292172307,2.2001541014665698,,,2026-10-08 22:47
2011-02-23,BAP US Equity,12.45136154202064,10.71446304127538,3.8243900308796404,3.665245118161027,2.714485944811746,2.171548750559318,,,2026-10-08 22:47
2011-02-24,BAP US Equity,12.643571593815466,10.879860816383522,3.8834266433366986,3.7218250312592804,2.7563891119704373,2.2050706667298012,,,2026-10-08 22:47
2011-02-25,BAP US Equity,12.813997615895742,11.026513317693379,3.9357723709622823,3.77199248831442,2.7935432047181137,2.234793393361925,,,2026-10-08 22:47
2011-02-28,BAP US Equity,12.871660647499583,11.076132664050178,3.953483359633826,3.7889664669729854,2.8061141583680915,2.244849971014915,,,2026-10-08 22:47
2011-03-01,BAP US Equity,12.893444516560205,11.0948777996049,3.9601741951210365,3.7953788757252056,2.810863197755401,2.248649132534826,,,2026-10-08 22:47
2011-03-02,BAP US Equity,13.089498695490121,11.263583466623166,4.020391517128874,3.853090365331613,2.8536044121463613,2.2828414741402328,,,2026-10-08 22:47
2011-03-03,BAP US Equity,13.767359138637913,11.846885994683154,4.228593866113222,4.052628758916698,3.0013828409759147,2.4010620392891493,,,2026-10-08 22:47
2011-03-04,BAP US Equity,13.585400413844512,11.6903095411558,4.172705911146771,3.999066477755309,2.9617145364840196,2.369327980315359,,,2026-10-08 22:47
2011-03-07,BAP US Equity,13.577711998920405,11.683693619091988,4.170344442700947,3.9968032774481075,2.9600384069957753,2.3679871014270635,,,2026-10-08 22:47
2011-03-08,BAP US Equity,13.745575269577285,11.828140859128428,4.22190303062601,4.046216350164477,2.996633801588605,2.397262877769238,,,2026-10-08 22:47
2011-03-09,BAP US Equity,13.744293893865589,11.82703822849172,4.221509460775751,4.0458391579950925,2.996354452511182,2.3970394026242636,,,2026-10-08 22:47
2011-03-10,BAP US Equity,13.525174630817279,11.638484933525584,4.154207782774707,3.9813381147579747,2.9485848846791956,2.35882445237242,,,2026-10-08 22:47
2011-03-11,BAP US Equity,13.734042727518087,11.818217045154492,4.218360852629408,4.042821573349122,2.994119624868092,2.3952515734460196,,,2026-10-08 22:47
2011-03-14,BAP US Equity,13.616153912887016,11.716773091167482,4.1821517355858004,4.008119231693223,2.9684190194132904,2.3746914678500914,,,2026-10-08 22:47
2011-03-15,BAP US Equity,13.653314611795855,11.748750070849827,4.193565507964658,4.0190580410598455,2.976520317777088,2.381172387146593,,,2026-10-08 22:47
2011-03-16,BAP US Equity,13.390627610626291,11.52270650477424,4.112882158989192,3.941732180318286,2.9192526711704816,2.3353591138549263,,,2026-10-08 22:47
2011-03-17,BAP US Equity,13.399597401262096,11.53042505747476,4.115637197285276,3.9443725727948724,2.921208149736149,2.336923467888196,,,2026-10-08 22:47
2011-03-18,BAP US Equity,13.504672137468352,11.62084242860757,4.147910517137757,3.9753028981751393,2.944115194369309,2.3552487659974832,,,2026-10-08 22:47
2011-03-21,BAP US Equity,13.49826509825594,11.615329137180467,4.145942618542193,3.973416890037322,2.942718413958488,2.3541313622541624,,,2026-10-08 22:47
2011-03-22,BAP US Equity,13.527737382240671,11.640690194799001,4.154994922475227,3.9820924990967437,2.9491435828340413,2.359271402662369,,,2026-10-08 22:47
2011-03-23,BAP US Equity,13.99416681661033,12.0420552117131,4.298257012560089,4.119393002461018,3.050828538296146,2.4406178684292885,,,2026-10-08 22:47
2011-03-24,BAP US Equity,13.846805878648452,11.915250338351115,4.252995640927712,4.07601509903659,3.0187027989894966,2.4149177504436024,,,2026-10-08 22:47
2011-03-25,BAP US Equity,13.567460832572904,11.67487243575476,4.167195834554604,3.9937856928021365,2.957803579352685,2.3661992722488194,,,2026-10-08 22:47
2011-03-28,BAP US Equity,13.163819771999949,11.327537149500735,4.043218963198061,3.874967889483073,2.869806938826545,2.295803256696339,,,2026-10-08 22:47
2011-03-29,BAP US Equity,13.053619532946906,11.23270925582109,4.009371363944541,3.8425287954252676,2.8457824978836928,2.276584058007154,,,2026-10-08 22:47
2011-03-30,BAP US Equity,13.354748448083077,11.491832293972166,4.101862005804859,3.9311706104119413,2.911430756907813,2.329101697721848,,,2026-10-08 22:47
2011-03-31,BAP US Equity,13.445727730152814,11.570120451614063,4.129805958615953,3.957951727347189,2.931264891641908,2.344968713199519,,,2026-10-08 22:47
2011-04-01,BAP US Equity,13.520644431454912,11.899963252627785,4.662038151230465,3.6723025828173923,2.838234914742548,2.269577878706213,,,2026-10-08 22:47
2011-04-04,BAP US Equity,13.31580528723064,11.719677593809802,4.591407797028022,3.6166668235745205,2.795235365868179,2.235193542014172,,,2026-10-08 22:47
2011-04-05,BAP US Equity,13.379895982189984,11.776085919516321,4.613506837244197,3.634074309277362,2.80868919560728,2.2459518179416293,,,2026-10-08 22:47
2011-04-06,BAP US Equity,13.544521418814274,11.920978173447597,4.6702711483017305,3.6787877413314116,2.8432471387919094,2.273585874227113,,,2026-10-08 22:47
2011-04-07,BAP US Equity,12.996607998437057,11.438741575838257,4.481345740025544,3.5299705840566786,2.7282299139950816,2.1816130259920548,,,2026-10-08 22:47
2011-04-08,BAP US Equity,13.019228169573296,11.458650331419697,4.489145375712965,3.536114382402128,2.7329783089271285,2.1854100521089403,,,2026-10-08 22:47
2011-04-11,BAP US Equity,12.682437344315968,11.162229664142886,4.373016911252999,3.4446396140409137,2.662279646296338,2.1288762817971514,,,2026-10-08 22:47
2011-04-12,BAP US Equity,12.378320274649873,10.89456624233852,4.268154647593043,3.3620392686154053,2.5984398130937563,2.0778271341510988,,,2026-10-08 22:47
2011-04-13,BAP US Equity,12.187304533329973,10.726447014449345,4.202290725349278,3.3101580432962976,2.558342053772588,2.0457631964311074,,,2026-10-08 22:47
2011-04-14,BAP US Equity,11.93848154794635,10.507449732368196,4.116494352503114,3.2425759619449956,2.5061094780039874,2.003995724014888,,,2026-10-08 22:47
2011-04-15,BAP US Equity,11.987492023778202,10.550585461907536,4.133393599376768,3.2558875535555036,2.516397689072573,2.0122226315662806,,,2026-10-08 22:47
2011-04-18,BAP US Equity,11.640647771620879,10.245316443409047,4.013798624130574,3.1616822033970835,2.4435886250193484,1.9540012911528524,,,2026-10-08 22:47
2011-04-19,BAP US Equity,11.656984649416495,10.25969506614527,4.0194317245305795,3.1661194148649363,2.4470180397334524,1.9567436024857203,,,2026-10-08 22:47
2011-04-20,BAP US Equity,11.413188298705371,10.045121890340294,3.935368579914349,3.0999026030157117,2.395840648139206,1.9158199018967146,,,2026-10-08 22:47
2011-04-21,BAP US Equity,11.665781417648367,10.267437390797904,4.022464928259323,3.1685086792866226,2.4488646451122986,1.9582202296305562,,,2026-10-08 22:47
2011-04-22,BAP US Equity,11.665781417648367,10.267437390797904,4.022464928259323,3.1685086792866226,2.4488646451122986,1.9582202296305562,,,2026-10-08 22:47
2011-04-25,BAP US Equity,11.44460539562848,10.072773109243698,3.946201473656876,3.108435708575899,2.402435681523826,1.9210935816056471,,,2026-10-08 22:47
2011-04-26,BAP US Equity,11.247306203412958,9.899123609839977,3.8781709617993325,3.0548478535861436,2.3610189089109883,1.8879749026544272,,,2026-10-08 22:47
2011-04-27,BAP US Equity,11.126664765503017,9.792943117841196,3.836572723711881,3.0220807864335755,2.3356940256943166,1.8677240085403333,,,2026-10-08 22:47
2011-04-28,BAP US Equity,11.491102554124081,10.113696785644951,3.962234106415563,3.121064665435368,2.4121963005052347,1.928898603243433,,,2026-10-08 22:47
2011-04-29,BAP US Equity,12.129497131711254,10.675568821588042,4.182358220420519,3.2944571444710524,2.5462072042514294,2.0360596352876676,,,2026-10-08 22:47
2011-05-02,BAP US Equity,11.943508182618848,10.511873838644368,4.118227580733047,3.2439412314470726,2.5071646621783414,2.0048394958421016,,,2026-10-08 22:47
2011-05-03,BAP US Equity,11.952304950850719,10.519616163297002,4.121260784461791,3.246330495868759,2.509011267557188,2.0063161229869375,,,2026-10-08 22:47
2011-05-04,BAP US Equity,12.380833591986123,10.896778295476608,4.26902126170801,3.362721903366444,2.5989674051809333,2.078249020064706,,,2026-10-08 22:47
2011-05-05,BAP US Equity,12.355699945958637,10.874657348087752,4.260354957579261,3.355895427476905,2.593691385087983,2.074030081587002,,,2026-10-08 22:47
2011-05-06,BAP US Equity,12.886019987427112,11.341409435061152,4.44321401272432,3.4999340987013166,2.705015432200845,2.1630497019796002,,,2026-10-08 22:47
2011-05-09,BAP US Equity,12.726421343030319,11.200941426075381,4.388182984223081,3.4565859789423956,2.6715127062642963,2.1362594439685414,,,2026-10-08 22:47
2011-05-10,BAP US Equity,12.835752695372138,11.29716754028344,4.425881404466822,3.4862811469222383,2.6944633920149443,2.1546118250241926,,,2026-10-08 22:47
2011-05-11,BAP US Equity,12.517812065246677,11.017337548880938,4.316252654521827,3.3999262247799154,2.6277217361854355,2.1012422519588787,,,2026-10-08 22:47
2011-05-12,BAP US Equity,12.712597782570953,11.188774856477245,4.383416497938042,3.452831402225581,2.668610883637369,2.1339390185492806,,,2026-10-08 22:47
2011-05-13,BAP US Equity,12.864656317403998,11.322606567379427,4.435847629768021,3.4941315749383355,2.7005308002386603,2.159463592372307,,,2026-10-08 22:47
2011-05-16,BAP US Equity,12.932517145922713,11.382333111462406,4.459246645483007,3.512563055560786,2.7147760511822536,2.170854723617386,,,2026-10-08 22:47
2011-05-17,BAP US Equity,13.205217276220697,11.622345453032699,4.553276069726798,3.586630338219159,2.7720208840739424,2.2166302180017174,,,2026-10-08 22:47
2011-05-18,BAP US Equity,13.170030045738217,11.591376015752836,4.54114320048546,3.577073237739363,2.7646344294848304,2.210723682975163,,,2026-10-08 22:47
2011-05-19,BAP US Equity,13.176313496633838,11.596906287267384,4.543309790099238,3.578779867410011,2.7659534427765,2.211778424206392,,,2026-10-08 22:47
2011-05-20,BAP US Equity,13.017971510905172,11.457544304850654,4.488712068655483,3.535773065026609,2.7327145128835397,2.185199109152137,,,2026-10-08 22:47
2011-05-23,BAP US Equity,13.084575680755758,11.516164822364589,4.511677777312985,3.55386322827354,2.7466959677835443,2.196379297440412,,,2026-10-08 22:47
2011-05-24,BAP US Equity,13.005404766668926,11.446483900490891,4.4843789437542885,3.532359848478365,2.730076519373928,2.1830896531368906,,,2026-10-08 22:47
2011-05-25,BAP US Equity,12.904870182558978,11.358000110935464,4.449713727239292,3.505053944920208,2.7089724390021264,2.1662138992260753,,,2026-10-08 22:47
2011-05-26,BAP US Equity,13.158719960170098,11.581421637962116,4.5372433826417495,3.5740013385666383,2.762260232018807,2.2088251699167203,,,2026-10-08 22:47
2011-05-27,BAP US Equity,13.127302863246989,11.553770419058713,4.526410488899223,3.5654682330064515,2.755665198634188,2.2035514902077877,,,2026-10-08 22:47
2011-05-30,BAP US Equity,13.127302863246989,11.553770419058713,4.526410488899223,3.5654682330064515,2.755665198634188,2.2035514902077877,,,2026-10-08 22:47
2011-05-31,BAP US Equity,12.738988087266563,11.212001830435144,4.392516109124275,3.4599991954906395,2.674150699773908,2.1383688999837878,,,2026-10-08 22:47
2011-06-01,BAP US Equity,12.314229422135533,10.838157777962671,4.246055553050507,3.3446317401195125,2.5849859502809283,2.06706883177643,,,2026-10-08 22:47
2011-06-02,BAP US Equity,13.105939350778874,11.534967690046317,4.519044160269285,3.5596657520365214,2.7511805997457297,2.199965407047706,,,2026-10-08 22:47
2011-06-03,BAP US Equity,12.777945293753417,11.246289347422136,4.405948899538062,3.4705802480969927,2.6823285424937855,2.1449082638807524,,,2026-10-08 22:47
2011-06-06,BAP US Equity,10.373912043346532,9.130420722744544,3.5770169069068904,2.8176278271229207,2.1776772189493934,1.7413667971660225,,,2026-10-08 22:47
2011-06-07,BAP US Equity,10.773537062450075,9.48214382782816,3.71481115885191,2.926168806604508,2.2615659483494226,1.8084479268956766,,,2026-10-08 22:47
2011-06-08,BAP US Equity,10.86150474476878,9.559567074354494,3.745143196139351,2.95006145082137,2.2800320021378857,1.8232141983440342,,,2026-10-08 22:47
2011-06-09,BAP US Equity,11.44460539562848,10.072773109243698,3.946201473656876,3.108435708575899,2.402435681523826,1.9210935816056471,,,2026-10-08 22:47
2011-06-10,BAP US Equity,11.630594344720883,10.23646809218737,4.010332113344346,3.158951621599878,2.4414782235969135,1.952313721051213,,,2026-10-08 22:47
2011-06-13,BAP US Equity,11.492359212792206,10.114802812213995,3.962667413473046,3.121405982810887,2.412460096548823,1.9291095462002366,,,2026-10-08 22:47
2011-06-14,BAP US Equity,11.536343211506557,10.15351457414649,3.977833486443128,3.133352347712369,2.421693156516781,1.9364927083716266,,,2026-10-08 22:47
2011-06-15,BAP US Equity,11.282493276340439,9.930092908450508,3.8903037767143087,3.0644049112728875,2.3684053304263735,1.89388141123377,,,2026-10-08 22:47
2011-06-16,BAP US Equity,10.880355097455645,9.576157888898134,3.751642964980684,2.9551813398333127,2.2839890420128937,1.8263784220377206,,,2026-10-08 22:47
2011-06-17,BAP US Equity,10.748403416422589,9.460022880439304,3.706144854723161,2.919342330714969,2.2562899282564723,1.8042289884179727,,,2026-10-08 22:47
2011-06-20,BAP US Equity,10.841397890968791,9.541870371911141,3.7382101745668965,2.944600287226959,2.2758111992930163,1.8198390581407557,,,2026-10-08 22:47
2011-06-21,BAP US Equity,10.897948633919386,9.5916425382034,3.757709372438172,2.959959868676685,2.287682252770586,1.829331676327392,,,2026-10-08 22:47
2011-06-22,BAP US Equity,10.83888457363254,9.539658318773053,3.73734356045193,2.9439176524759203,2.275283607205839,1.8194171722271486,,,2026-10-08 22:47
2011-06-23,BAP US Equity,10.851451317868786,9.550718723132817,3.741676685353124,2.9473308690241646,2.2779216007154512,1.821526628242395,,,2026-10-08 22:47
2011-06-24,BAP US Equity,10.724526429063227,9.439007959619492,3.697911857651895,2.9128571722009493,2.2512777042071104,1.8002209928970723,,,2026-10-08 22:47
2011-06-27,BAP US Equity,10.647868832312641,9.371539090883878,3.6714796382081647,2.8920364271568126,2.235185847884671,1.7873532345071574,,,2026-10-08 22:47
2011-06-28,BAP US Equity,10.669232344780756,9.390341819896276,3.6788459668381024,2.897838908126743,2.239670446773129,1.7909393176672397,,,2026-10-08 22:47
2011-06-29,BAP US Equity,10.866531536996279,9.563991319299998,3.7468764786956457,2.951426763116498,2.2810872193859666,1.8240579966184596,,,2026-10-08 22:47
2011-06-30,BAP US Equity,10.820034220945677,9.523067504229415,3.730843791610597,2.9387977634639775,2.2713265673308314,1.8162529485334624,,,2026-10-08 22:47
2011-07-01,BAP US Equity,10.66642499765158,8.905551241237792,3.745706017961465,2.7648235144312734,2.19657496734387,1.6748124613122872,,,2026-10-08 22:47
2011-07-04,BAP US Equity,10.66642499765158,8.905551241237792,3.745706017961465,2.7648235144312734,2.19657496734387,1.6748124613122872,,,2026-10-08 22:47
2011-07-05,BAP US Equity,10.537455206791781,8.797872512767238,3.7004159679339126,2.7313935029232974,2.1700157580297295,1.6545619825518414,,,2026-10-08 22:47
2011-07-06,BAP US Equity,10.42322471060546,8.702499832855901,3.660301884996655,2.701784035647183,2.1464918642710065,1.6366258269498606,,,2026-10-08 22:47
2011-07-07,BAP US Equity,10.337244696037562,8.630713885303148,3.6301084642336257,2.6794973213918625,2.128785693015568,1.6231254835964097,,,2026-10-08 22:47
2011-07-08,BAP US Equity,10.648000763813709,8.890168584109482,3.7392360185400997,2.7600478042039436,2.192780799115089,1.6719195392293407,,,2026-10-08 22:47
2011-07-11,BAP US Equity,10.388832766376181,8.673785505263753,3.648224538322641,2.6928693659117227,2.1394094084539024,1.6312256992804084,,,2026-10-08 22:47
2011-07-12,BAP US Equity,10.591499646582163,8.84299499081993,3.71939464011365,2.745402258245686,2.181145322395842,1.6630478905524604,,,2026-10-08 22:47
2011-07-13,BAP US Equity,10.70081709587556,8.934265697402324,3.757783418713474,2.7737382240834036,2.203657454873652,1.6802126131615598,,,2026-10-08 22:47
2011-07-14,BAP US Equity,10.574303674467524,8.828637827023858,3.713355966776643,2.740944923377956,2.17760409448729,1.6603478267177343,,,2026-10-08 22:47
2011-07-15,BAP US Equity,10.862950569241406,9.069633260132788,3.814719489330682,2.81576452996724,2.237046179684668,1.7056703613432371,,,2026-10-08 22:47
2011-07-18,BAP US Equity,11.300220058425587,9.434715829317588,3.9682744955739864,2.929108313484769,2.327094646170551,1.7743292034199936,,,2026-10-08 22:47
2011-07-19,BAP US Equity,11.613432649648198,9.696221514788395,4.078264702049177,3.010295547016049,2.3915956329105295,1.8235089755493654,,,2026-10-08 22:47
2011-07-20,BAP US Equity,11.854176413247856,9.897221936505813,4.16280618284527,3.072698275080941,2.4411728553429364,1.8613098934153511,,,2026-10-08 22:47
2011-07-21,BAP US Equity,12.053158508284145,10.063354942065283,4.232682306383205,3.124276041336107,2.4821499483241913,1.8925535099427422,,,2026-10-08 22:47
2011-07-22,BAP US Equity,11.733804608445377,9.796721789933295,4.120535469486221,3.04149693100683,2.416384259983072,1.8424094465722685,,,2026-10-08 22:47
2011-07-25,BAP US Equity,12.028592811835415,10.042844689703408,4.224055622462052,3.1179084143941105,2.477091046781591,1.8886962724388732,,,2026-10-08 22:47
2011-07-26,BAP US Equity,11.882427048860977,9.92080879743678,4.172726899097492,3.0800210680184046,2.446990609558899,1.8657457298437015,,,2026-10-08 22:47
2011-07-27,BAP US Equity,11.591323476645933,9.677762249090993,4.070500670296742,3.004564670793252,2.387042612008386,1.8200374545419373,,,2026-10-08 22:47
2011-07-28,BAP US Equity,11.660107519099192,9.735191032847672,4.094655417722764,3.0223940501808424,2.4012075553552723,1.8308377340606623,,,2026-10-08 22:47
2011-07-29,BAP US Equity,12.000342330216993,10.019257957344825,4.214134960287825,3.110585661373317,2.4712733242783065,1.8842604601903434,,,2026-10-08 22:47
2011-08-01,BAP US Equity,11.862774399305174,9.90440051840385,4.165825519513774,3.074926942514806,2.442943469297212,1.862659925332714,,,2026-10-08 22:47
2011-08-02,BAP US Equity,11.35426449821597,9.479838307370283,3.987253167753724,2.943117068807158,2.338224210536664,1.7828151114206126,,,2026-10-08 22:47
2011-08-03,BAP US Equity,11.341981726988957,9.469583245475537,3.982939852832146,2.939933275294495,2.335694775621703,1.7808865047585885,,,2026-10-08 22:47
2011-08-04,BAP US Equity,10.929277934253502,9.125010928652612,3.838011530509993,2.832957118718962,2.2507052106784196,1.7160849001857008,,,2026-10-08 22:47
2011-08-05,BAP US Equity,10.975952803704496,9.16398044671189,3.8544022461835805,2.8450556218837555,2.260317133123163,1.7234136586969977,,,2026-10-08 22:47
2011-08-08,BAP US Equity,10.102642395048761,8.434841058819293,3.547723667937319,2.618686510041637,2.0804732038969806,1.5862888811513463,,,2026-10-08 22:47
2011-08-09,BAP US Equity,10.514117772066285,8.778387753737599,3.692220610097119,2.7253442513409007,2.165209796807358,1.650897603296193,,,2026-10-08 22:47
2011-08-10,BAP US Equity,10.259862821521683,8.566106648220815,3.6029344342170937,2.6594393144870767,2.1128501674270836,1.6109751963401422,,,2026-10-08 22:47
2011-08-11,BAP US Equity,10.65045728726017,8.892219570773953,3.740098670708816,2.760684554923142,2.1932866797555457,1.6723052557257814,,,2026-10-08 22:47
2011-08-12,BAP US Equity,10.877690017909583,9.08193943726439,3.8198955104989722,2.819585114115772,2.2400815269527636,1.7079847086815227,,,2026-10-08 22:47
2011-08-15,BAP US Equity,11.24126241774758,9.385491249363566,3.94757046497882,2.9138260168073127,2.3149532888108473,1.7650718382466726,,,2026-10-08 22:47
2011-08-16,BAP US Equity,11.04964989305068,9.225511203797513,3.880282297947037,2.864158502709743,2.275493837750962,1.7349853712086039,,,2026-10-08 22:47
2011-08-17,BAP US Equity,11.274426100253628,9.413180083623477,3.9592164855684757,2.922422311183174,2.3217828043077233,1.7702791076679045,,,2026-10-08 22:47
2011-08-18,BAP US Equity,11.185989562239268,9.339343149406252,3.9281604126367293,2.899498846208655,2.3035707524118285,1.756393047818013,,,2026-10-08 22:47
2011-08-19,BAP US Equity,11.052106416497145,9.227562190461986,3.881144950115754,2.864795253428942,2.275999718391419,1.7353710877050448,,,2026-10-08 22:47
2011-08-22,BAP US Equity,10.96121335503632,9.151674269580289,3.8492262250152907,2.841235037735224,2.257281785855067,1.7210993113587123,,,2026-10-08 22:47
2011-08-23,BAP US Equity,11.344438250435418,9.471634232140008,3.9838025050008623,2.9405700260136935,2.3362006562621596,1.7812722212550292,,,2026-10-08 22:47
2011-08-24,BAP US Equity,11.44884249884119,9.558802836821073,4.020465925185258,2.967632450496344,2.3577009957463786,1.7976654866914266,,,2026-10-08 22:47
2011-08-25,BAP US Equity,11.516398125576517,9.615205998673133,4.0441892924489276,2.985143414607665,2.3716129670603583,1.8082728837821107,,,2026-10-08 22:47
2011-08-26,BAP US Equity,11.526224373357069,9.623410073903406,4.047639955201789,2.9876904574011296,2.3736365213348627,1.809815773947694,,,2026-10-08 22:47
2011-08-29,BAP US Equity,11.786620786512527,9.840818774653755,4.139082815581601,3.05518731096962,2.4272608840289562,1.8507024963246672,,,2026-10-08 22:47
2011-08-30,BAP US Equity,12.065441433505857,10.073610132532412,4.2369956753827775,3.1274598747654396,2.4846794149518296,1.8944821407845867,,,2026-10-08 22:47
2011-08-31,BAP US Equity,12.238629570370186,10.21820739239777,4.2978137889152,3.17235163871901,2.520344666070257,1.9216756615598884,,,2026-10-08 22:47
2011-09-01,BAP US Equity,12.479373333969844,10.41920781411519,4.382355269711294,3.234754366783902,2.569921888502664,1.9594765794258742,,,2026-10-08 22:47
2011-09-02,BAP US Equity,12.037190951887435,10.05002340017383,4.22707501320855,3.1201371217446456,2.4788616924485454,1.890046328536057,,,2026-10-08 22:47
2011-09-05,BAP US Equity,12.037190951887435,10.05002340017383,4.22707501320855,3.1201371217446456,2.4788616924485454,1.890046328536057,,,2026-10-08 22:47
2011-09-06,BAP US Equity,12.099833377735138,10.10232446012456,4.249073022056791,3.1363745445008995,2.4917618707689337,1.8998822684540388,,,2026-10-08 22:47
2011-09-07,BAP US Equity,12.4855147965807,10.424335409348755,4.384511954211081,3.2363462834985683,2.571186621816483,1.9604408948467964,,,2026-10-08 22:47
2011-09-08,BAP US Equity,12.34671860394565,10.308452477075543,4.3357711873526705,3.2003691892804578,2.54260382651516,1.9386475017409468,,,2026-10-08 22:47
2011-09-09,BAP US Equity,12.185813392303036,10.174110407677315,4.2792664428198215,3.1586612587562204,2.5094680420243725,1.91338261180749,,,2026-10-08 22:47
2011-09-12,BAP US Equity,12.230031584312867,10.211028810499734,4.294794452246697,3.170122971285145,2.5185740521159805,1.9203256296425253,,,2026-10-08 22:47
2011-09-13,BAP US Equity,12.41673090812214,10.366906754164459,4.3603572608630525,3.2185169440276478,2.557021710182275,1.949640639507892,,,2026-10-08 22:47
2011-09-14,BAP US Equity,12.404447982900427,10.35665156369733,4.356043891863479,3.2153331105983147,2.5544922435546358,1.9477120086660475,,,2026-10-08 22:47
2011-09-15,BAP US Equity,12.625539250938983,10.541243834954203,4.433684047153848,3.2726417530762784,2.6000223574380343,1.9824271462008667,,,2026-10-08 22:47
2011-09-16,BAP US Equity,12.393393473396644,10.34742199513482,4.352161903026259,3.212467692445251,2.5522157489599033,1.9459762602522437,,,2026-10-08 22:47
2011-09-19,BAP US Equity,12.451122852351421,10.395621081756607,4.372434607537066,3.227431613763108,2.564104165999379,1.9550407671773442,,,2026-10-08 22:47
2011-09-20,BAP US Equity,12.468318824466062,10.409978245552681,4.378473280874074,3.2318889486308384,2.567645393907931,1.9577408310120705,,,2026-10-08 22:47
2011-09-21,BAP US Equity,12.356544851726202,10.316656552305815,4.339221850105533,3.2029162320739224,2.5446273807896644,1.9401903919065302,,,2026-10-08 22:47
2011-09-22,BAP US Equity,11.71169543544311,9.778262524235894,4.112771437733786,3.0357660547840326,2.4118312390809282,1.8389379255648404,,,2026-10-08 22:47
2011-09-23,BAP US Equity,11.020171149709027,9.200898978106695,3.8699303096884514,2.85651737432935,2.269423174927449,1.7303567007118539,,,2026-10-08 22:47
2011-09-26,BAP US Equity,11.482006181347238,9.586491671080985,4.032111945774913,2.9762287448722047,2.364530511243254,1.8028727561126585,,,2026-10-08 22:47
2011-09-27,BAP US Equity,11.66747708943858,9.74134399284109,4.097243374228915,3.024304302338438,2.402725197276642,1.8319948835499844,,,2026-10-08 22:47
2011-09-28,BAP US Equity,11.183532884798105,9.337292034169396,3.9272977063900183,2.898862055572786,2.3030648400586937,1.7560073071417517,,,2026-10-08 22:47
2011-09-29,BAP US Equity,11.279339147146555,9.417282056952423,3.9609417899059096,2.9236958126215713,2.3227945655886364,1.7710505406607862,,,2026-10-08 22:47
2011-09-30,BAP US Equity,11.324785754874316,9.455226081679465,3.976901179495139,2.935475940426765,2.332153547713151,1.7781864409238626,,,2026-10-08 22:47
2011-10-03,BAP US Equity,10.133359980374243,8.823227527484702,3.421060059469723,2.6780430682009495,2.0756730413788325,1.6483876533105868,,,2026-10-08 22:47
2011-10-04,BAP US Equity,10.058014837749129,8.757623686531682,3.3956232587827797,2.6581308636290615,2.060239672619735,1.6361313036811742,,,2026-10-08 22:47
2011-10-05,BAP US Equity,10.27842759900292,8.949539491977246,3.4700354276569914,2.716381519735423,2.1053880565117944,1.6719857167274408,,,2026-10-08 22:47
2011-10-06,BAP US Equity,10.438114291837262,9.088580444506098,3.523946249728093,2.7585834983148074,2.1380975787260588,1.6979618562681196,,,2026-10-08 22:47
2011-10-07,BAP US Equity,10.523580375370802,9.162996699564626,3.5527999177495753,2.7811704638441643,2.1556040766582725,1.71186457334778,,,2026-10-08 22:47
2011-10-10,BAP US Equity,10.958782949277568,9.541932347519824,3.699725927114129,2.89618574392614,2.244749064297761,1.7826587177289417,,,2026-10-08 22:47
2011-10-11,BAP US Equity,11.054370114709165,9.625161139445082,3.7319965100687753,2.9214475076736877,2.26432872028279,1.7982078251935503,,,2026-10-08 22:47
2011-10-12,BAP US Equity,11.609900010151252,10.10886710422857,3.9195454712049735,3.0682628767663123,2.378121029041425,1.888575543548093,,,2026-10-08 22:47
2011-10-13,BAP US Equity,11.531181267553208,10.040325832827454,3.892969730606059,3.0474590976288423,2.3619966268511887,1.8757704124134982,,,2026-10-08 22:47
2011-10-14,BAP US Equity,11.811195281922872,10.284137102184596,3.9875035044488056,3.121461165218876,2.419353470184599,1.921320125927558,,,2026-10-08 22:47
2011-10-17,BAP US Equity,11.650383914774585,10.14411688341183,3.933212988141755,3.0789619578569085,2.3864135746135897,1.8951610362837852,,,2026-10-08 22:47
2011-10-18,BAP US Equity,11.870796676028379,10.336032688857394,4.007625157015966,3.1372126139632703,2.431561958505649,1.9310154493300515,,,2026-10-08 22:47
2011-10-19,BAP US Equity,11.665003129969882,10.156845994209352,3.9381484896242136,3.082825522162542,2.3894081105745903,1.8975391353423097,,,2026-10-08 22:47
2011-10-20,BAP US Equity,11.77408497727247,10.251824753449437,3.974974927423996,3.111653658693862,2.411751958043574,1.915283414697049,,,2026-10-08 22:47
2011-10-21,BAP US Equity,12.187920995048444,10.612156306949696,4.114687507883523,3.2210221880783183,2.496520313980085,1.9826018740746207,,,2026-10-08 22:47
2011-10-24,BAP US Equity,12.145187882786857,10.574948118039822,4.100260650073469,3.209728686683279,2.4877670505741287,1.9756505040674406,,,2026-10-08 22:47
2011-10-25,BAP US Equity,11.833686371377976,10.303720340122233,3.9950965799911566,3.1274051074382565,2.4239604463646236,1.9249787380995427,,,2026-10-08 22:47
2011-10-26,BAP US Equity,12.127195067618628,10.5592815767942,4.094186208679039,3.204973547812063,2.4840814811819887,1.972723623503733,,,2026-10-08 22:47
2011-10-27,BAP US Equity,12.528660936847922,10.908842306462335,4.229722580930753,3.3110728959346067,2.5663159901115913,2.0380298381595683,,,2026-10-08 22:47
2011-10-28,BAP US Equity,12.471308750380672,10.858905129516154,4.210360269236866,3.2959158674946565,2.554568219624333,2.0287003920285636,,,2026-10-08 22:47
2011-10-31,BAP US Equity,12.23290317395865,10.65132278282497,4.129873658968224,3.232910072517079,2.505734266340134,1.9899190984185895,,,2026-10-08 22:47
2011-11-01,BAP US Equity,11.931522603458193,10.38890741901289,4.028126456220451,3.1532612542295255,2.444000791303745,1.9408936999009394,,,2026-10-08 22:47
2011-11-02,BAP US Equity,12.189045528372754,10.613135450432395,4.115067154520847,3.221319379600179,2.496750658457131,1.982784801243015,,,2026-10-08 22:47
2011-11-03,BAP US Equity,12.491550632197521,10.876529957727174,4.217194003905944,3.3012653894095934,2.558714477970566,2.031993126929059,,,2026-10-08 22:47
2011-11-04,BAP US Equity,12.261017071024938,10.675801860937318,4.139365015295819,3.240340009606485,2.511492993785089,1.9944923693672447,,,2026-10-08 22:47
2011-11-07,BAP US Equity,12.060846332577627,10.501511006463991,4.07178662868931,3.1874389126757823,2.470490897118961,1.9619307141561741,,,2026-10-08 22:47
2011-11-08,BAP US Equity,12.305999249935144,10.71496833681259,4.15455116638052,3.252227894045246,2.520706946145138,2.0018095937112133,,,2026-10-08 22:47
2011-11-09,BAP US Equity,11.680746878489492,10.170554248489575,3.9434636377439967,3.086986277990036,2.3926329910126376,1.9001001615692288,,,2026-10-08 22:47
2011-11-10,BAP US Equity,11.829188097091102,10.299803643430218,3.993577945843236,3.126216304090091,2.4230390395767394,1.9242470064912656,,,2026-10-08 22:47
2011-11-11,BAP US Equity,12.139565216165305,10.570052400626325,4.09836241688685,3.208242729073975,2.486615328188896,1.9747358682254692,,,2026-10-08 22:47
2011-11-14,BAP US Equity,12.111451319099018,10.545573322513977,4.0888710605592555,3.200812791984569,2.480856600743941,1.970162597276814,,,2026-10-08 22:47
2011-11-15,BAP US Equity,11.896661365456412,10.358553357243126,4.016357172470288,3.144048130748233,2.436859968116813,1.9352228430072187,,,2026-10-08 22:47
2011-11-16,BAP US Equity,11.549174082721438,10.055992374073075,3.8990441720004894,3.0522142365000575,2.3656821962433288,1.8786972929772057,,,2026-10-08 22:47
2011-11-17,BAP US Equity,11.419850353602003,9.943388786621973,3.8553839995316297,3.0180365780538008,2.3391920904281127,1.8576602787219707,,,2026-10-08 22:47
2011-11-18,BAP US Equity,11.404106605082394,9.92968053234175,3.850068851411847,3.0138758222263067,2.3359672099900655,1.8550992524950518,,,2026-10-08 22:47
2011-11-21,BAP US Equity,11.544675808434564,10.052075677381062,3.8975255378525695,3.0510254331518927,2.3647607894554445,1.8779655613689288,,,2026-10-08 22:47
2011-11-22,BAP US Equity,11.425473020223553,9.948284504035469,3.8572822327182483,3.019522535663104,2.340343812813345,1.8585749145639416,,,2026-10-08 22:47
2011-11-23,BAP US Equity,11.320889588197476,9.857222564248618,3.8219744766650123,2.991883239740671,2.3189214010119445,1.8415623897521798,,,2026-10-08 22:47
2011-11-24,BAP US Equity,11.320889588197476,9.857222564248618,3.8219744766650123,2.991883239740671,2.3189214010119445,1.8415623897521798,,,2026-10-08 22:47
2011-11-25,BAP US Equity,11.24891804554529,9.794556153743695,3.79767661589004,2.9728626097343644,2.3041790656839867,1.8298548216279498,,,2026-10-08 22:47
2011-11-28,BAP US Equity,11.649259381450277,10.14313773992913,3.9328333415044314,3.078664766335048,2.3861832301365435,1.894978109115391,,,2026-10-08 22:47
2011-11-29,BAP US Equity,11.720106390778149,10.204825006951353,3.9567515556420796,3.0973882048194934,2.400695220987455,1.9065027500712266,,,2026-10-08 22:47
2011-11-30,BAP US Equity,12.214910358790421,10.635656241579348,4.123799217573794,3.2281549336458637,2.502048696947994,1.986992217854882,,,2026-10-08 22:47
2011-12-01,BAP US Equity,12.454440327547118,10.844217608992015,4.204665426881134,3.2914578828845795,2.5511129658295406,2.02595641569855,,,2026-10-08 22:47
2011-12-02,BAP US Equity,12.398212674404176,10.795259575528531,4.1856827618245696,3.2765980459664887,2.5395955398193286,2.016809896735939,,,2026-10-08 22:47
2011-12-05,BAP US Equity,12.498297973133015,10.882404941384587,4.219471931328512,3.30304857580148,2.5600965737125434,2.0330907128741247,,,2026-10-08 22:47
2011-12-06,BAP US Equity,11.921401521560133,10.380094882146158,4.024709541287286,3.150586456011334,2.4419276332509297,1.939247309515991,,,2026-10-08 22:47
2011-12-07,BAP US Equity,12.01811322031604,10.464302817554117,4.057359770879256,3.1761454112807423,2.461737633713005,1.9549793441489938,,,2026-10-08 22:47
2011-12-08,BAP US Equity,11.790953259116389,10.266512151212359,3.9806697221811027,3.116111606043217,2.4152071829586674,1.9180273680923623,,,2026-10-08 22:47
2011-12-09,BAP US Equity,12.110326785774708,10.544594179031279,4.088491413921932,3.200515600462708,2.480626256266895,1.9699796701084198,,,2026-10-08 22:47
2011-12-12,BAP US Equity,11.831437304729356,10.301762053156835,3.9943372867165094,3.1268107243945353,2.423499757410531,1.9246128837627543,,,2026-10-08 22:47
2011-12-13,BAP US Equity,11.837059971350905,10.30665777057033,3.9962355199031276,3.1282966820038385,2.424651479795763,1.925527519604725,,,2026-10-08 22:47
2011-12-14,BAP US Equity,11.45471145061415,9.973742725630515,3.8671532356831664,3.0272496642743705,2.3463328847353466,1.8633311126809913,,,2026-10-08 22:47
2011-12-15,BAP US Equity,11.70548717558285,10.192095896153829,3.9518160541596203,3.09352464051386,2.3977006850264537,1.9041246510127017,,,2026-10-08 22:47
2011-12-16,BAP US Equity,11.695366093684791,10.1832833592871,3.948399139226456,3.0908498422956696,2.3956275269736387,1.9024782606277537,,,2026-10-08 22:47
2011-12-19,BAP US Equity,11.70773624223147,10.194054183119226,3.9525753474342675,3.0941190235575813,2.3981613739805465,1.90449050534949,,,2026-10-08 22:47
2011-12-20,BAP US Equity,11.869672142704069,10.335053545374695,4.007245510378643,3.13691542244141,2.4313316140286028,1.9308325221616576,,,2026-10-08 22:47
2011-12-21,BAP US Equity,11.781956851532275,10.258678880589548,3.9776325014838876,3.1137340366076094,2.4133643982625976,1.9165639278105084,,,2026-10-08 22:47
2011-12-22,BAP US Equity,12.090084762968226,10.526969228059041,4.081657631654229,3.1951660412870493,2.4764799690409633,1.966686912273224,,,2026-10-08 22:47
2011-12-23,BAP US Equity,12.110326785774708,10.544594179031279,4.088491413921932,3.200515600462708,2.480626256266895,1.9699796701084198,,,2026-10-08 22:47
2011-12-26,BAP US Equity,12.110326785774708,10.544594179031279,4.088491413921932,3.200515600462708,2.480626256266895,1.9699796701084198,,,2026-10-08 22:47
2011-12-27,BAP US Equity,12.145187882786857,10.574948118039822,4.100260650073469,3.209728686683279,2.4877670505741287,1.9756505040674406,,,2026-10-08 22:47
2011-12-28,BAP US Equity,12.059721799253317,10.500531862981292,4.071406982051986,3.1871417211539215,2.470260552641915,1.96174778698778,,,2026-10-08 22:47
2011-12-29,BAP US Equity,12.154184290370972,10.582781388662633,4.103297870770684,3.2121062561188864,2.4896098352701985,1.9771139443492942,,,2026-10-08 22:47
2011-12-30,BAP US Equity,12.310497383232383,10.718884910743386,4.156069752929814,3.2534166601326886,2.5216283240533235,2.00254130238479,,,2026-10-08 22:47
2012-01-02,BAP US Equity,12.070724161241758,11.183494960819495,4.129200188028594,3.2051156789151296,2.446428334272418,2.0229949762761517,,,2026-10-08 22:47
